Timestamp,Open,High,Low,Close,Volume
2024-01-01 00:00:00,45447.042737710115,45586.92953916592,45145.78280423856,45447.042737710115,29336.621571597672
2024-01-01 01:00:00,45321.36866562159,46096.440387660434,44789.53425247597,45321.36866562159,8201.172769822275
2024-01-01 02:00:00,45908.45128593676,46527.38233368826,45825.347091842224,45908.45128593676,40745.06472674007
2024-01-01 03:00:00,47306.850125335455,47658.464956330216,46693.35977933851,47306.850125335455,32161.780651022695
2024-01-01 04:00:00,47085.30895324789,47165.76147268475,46897.11464631625,47085.30895324789,20020.11960022278
2024-01-01 05:00:00,46864.82073414138,46951.044194903756,46559.563493526366,46864.82073414138,34032.38448126709
2024-01-01 06:00:00,48345.01124413763,48353.923131150834,48089.45144990733,48345.01124413763,13735.34398289881
2024-01-01 07:00:00,49087.04405633841,49257.66164118106,48799.21529212158,49087.04405633841,17914.418216216316
2024-01-01 08:00:00,48626.14185902418,48888.606166869235,48024.01257609258,48626.14185902418,45956.80631346752
2024-01-01 09:00:00,49153.793891953166,49536.36019252876,49143.33810496675,49153.793891953166,15234.7207778996
2024-01-01 10:00:00,48698.2191367854,48793.59228828187,48547.82295954322,48698.2191367854,24029.425139738894
2024-01-01 11:00:00,48244.6149448277,48716.62712411309,47423.38789925512,48244.6149448277,44616.91573240472
2024-01-01 12:00:00,48478.08247728528,48675.99558491633,48361.36995236612,48478.08247728528,35678.34616310884
2024-01-01 13:00:00,46623.03932723165,47416.835550614465,45410.05558573738,46623.03932723165,4047.958082070435
2024-01-01 14:00:00,45014.621088401684,45477.89159895375,44760.05906420228,45014.621088401684,8217.849169669546
2024-01-01 15:00:00,44508.39788697136,44718.743454847565,43724.71059228067,44508.39788697136,1384.237947823924
2024-01-01 16:00:00,43606.80807704833,43718.45447191075,43278.29984216875,43606.80807704833,31915.167721229005
2024-01-01 17:00:00,43880.87453947246,44312.0879372483,43713.61890680537,43880.87453947246,22935.997845110498
2024-01-01 18:00:00,43083.97672873712,43801.52935081244,42528.29995230987,43083.97672873712,7579.467694211501
2024-01-01 19:00:00,41867.02353269234,42291.710086522064,41585.18253793845,41867.02353269234,47938.771931781754
2024-01-01 20:00:00,43094.27056267435,43887.581884642954,43034.60396632617,43094.27056267435,26953.326473335375
2024-01-01 21:00:00,42899.67726307822,43448.61165214053,42374.457270972525,42899.67726307822,12852.77141153157
2024-01-01 22:00:00,42957.61602682356,43226.02319229433,42867.82461855187,42957.61602682356,25529.57498658067
2024-01-01 23:00:00,41733.54031645814,41744.42903541686,41378.588019800976,41733.54031645814,34301.39630402028
2024-01-02 00:00:00,41279.15994882704,41492.845243876014,41039.5247454417,41279.15994882704,4735.721680704659
2024-01-02 01:00:00,41370.73577527847,41670.98133062362,41127.23655875526,41370.73577527847,14460.486937346708
2024-01-02 02:00:00,40418.386751866856,40493.87486505715,39743.43829091126,40418.386751866856,40541.30905331569
2024-01-02 03:00:00,40722.088908014965,41029.69661732386,40561.37041674583,40722.088908014965,23523.5786497304
2024-01-02 04:00:00,40232.90366536562,40478.93503393994,39751.76518506658,40232.90366536562,27782.27995958245
2024-01-02 05:00:00,39998.18993466118,40560.82891191552,39820.35691497192,39998.18993466118,22207.984108263994
2024-01-02 06:00:00,39516.84642744332,39881.679091476064,39043.975400563126,39516.84642744332,3151.0971895072507
2024-01-02 07:00:00,40980.770278606185,41534.7010417251,40730.87654738885,40980.770278606185,9121.73921118764
2024-01-02 08:00:00,40969.7077452785,41369.520164987654,40914.80130376411,40969.7077452785,22831.540298352655
2024-01-02 09:00:00,40103.0255925123,40525.56783185934,40097.13518202097,40103.0255925123,11250.087804988463
2024-01-02 10:00:00,40762.75638573359,41149.75754191702,40442.81019849615,40762.75638573359,3448.972404324258
2024-01-02 11:00:00,39767.45733995682,40814.2887546157,39509.652694984674,39767.45733995682,42338.833538539366
2024-01-02 12:00:00,39933.57682204126,40130.57630496641,39885.277900202134,39933.57682204126,49078.433929041676
2024-01-02 13:00:00,38368.44407328501,38439.3628180321,38207.47600217526,38368.44407328501,39864.00082584023
2024-01-02 14:00:00,37349.23543056347,37669.82549871991,37017.76388764833,37349.23543056347,42835.461163528686
2024-01-02 15:00:00,37496.28776347603,37758.87797109527,37332.25714034155,37496.28776347603,12856.879385535223
2024-01-02 16:00:00,38050.08287122039,38269.11354114195,37775.216165920676,38050.08287122039,48070.721800146785
2024-01-02 17:00:00,38180.494417235925,38227.07836770508,38038.14487641592,38180.494417235925,10649.35951821799
2024-01-02 18:00:00,38092.18424523418,39067.37636438528,37434.34599317376,38092.18424523418,47620.06070772978
2024-01-02 19:00:00,37862.79029624802,37899.161254639555,37711.47688534084,37862.79029624802,49746.1454043316
2024-01-02 20:00:00,36743.17093485456,37165.450397640394,36660.614642007036,36743.17093485456,35874.41748155639
2024-01-02 21:00:00,36214.183758944324,36468.833361688994,35876.45360137073,36214.183758944324,49076.04285779927
2024-01-02 22:00:00,35880.55061698368,35893.10468002656,35371.63318224469,35880.55061698368,28907.44919878808
2024-01-02 23:00:00,36639.15316790741,37287.95952509618,35994.00773029176,36639.15316790741,13717.547375628426
2024-01-03 00:00:00,36890.95083076327,37122.24493977684,36328.12170990879,36890.95083076327,22412.79839761542
2024-01-03 01:00:00,35590.14627708031,36235.19937006826,35140.790747799416,35590.14627708031,30084.485833560513
2024-01-03 02:00:00,35820.83019461666,36074.352813615274,35623.15002526137,35820.83019461666,4580.996539323734
2024-01-03 03:00:00,35544.95085506169,35744.879394129355,34635.64017619637,35544.95085506169,31494.819966245057
2024-01-03 04:00:00,35063.727670389984,35285.473397778886,34865.88142901004,35063.727670389984,49077.71400135243
2024-01-03 05:00:00,35492.680686677006,35837.86633198709,35427.17848193018,35492.680686677006,10315.274839402653
2024-01-03 06:00:00,36224.53942347831,36449.78721838079,35665.91719575698,36224.53942347831,39837.160698130785
2024-01-03 07:00:00,36899.243291262836,37478.64433087476,36159.010195812276,36899.243291262836,45487.040895201346
2024-01-03 08:00:00,36279.91345998917,36543.71819811384,35532.001746410904,36279.91345998917,47241.37804819082
2024-01-03 09:00:00,36055.549495256375,36144.79369940763,35619.866410900904,36055.549495256375,48046.64461586691
2024-01-03 10:00:00,36294.42719619517,36321.44238292952,35922.74956832101,36294.42719619517,26551.522297352127
2024-01-03 11:00:00,37002.56422805407,37232.22881959587,36783.31406310738,37002.56422805407,48888.08749158368
2024-01-03 12:00:00,36647.95071780808,36713.07449305515,36362.69733420794,36647.95071780808,38108.2001495875
2024-01-03 13:00:00,36511.8702972662,36999.429497540295,36310.622083423266,36511.8702972662,8921.900375611134
2024-01-03 14:00:00,35703.98311574145,35839.72889227103,35411.85352455117,35703.98311574145,24368.10521693053
2024-01-03 15:00:00,34849.796293559164,35062.58418198809,34848.62030202543,34849.796293559164,36198.22759322819
2024-01-03 16:00:00,35416.12348143305,35614.37955770958,35355.85068537321,35416.12348143305,13119.675475135084
2024-01-03 17:00:00,36376.77876787958,36769.93198138047,36211.909003061824,36376.77876787958,32390.14399389548
2024-01-03 18:00:00,36324.38884264406,36627.305968707355,36071.43035837852,36324.38884264406,33663.42347328435
2024-01-03 19:00:00,37053.443226632364,37223.585256597275,36699.46975353363,37053.443226632364,8972.287446619728
2024-01-03 20:00:00,37321.44042508851,37347.62727928939,37288.44570168942,37321.44042508851,28689.180310185056
2024-01-03 21:00:00,36839.90445531766,37451.8008762651,36295.58378515832,36839.90445531766,38809.71863795177
2024-01-03 22:00:00,37106.180046867696,37265.59495677318,36682.54282860183,37106.180046867696,25445.887562261152
2024-01-03 23:00:00,38247.59328194675,38327.028823829576,38173.52319960942,38247.59328194675,1593.0527220292638
2024-01-04 00:00:00,38220.188086491136,38323.98602887031,37946.21724731079,38220.188086491136,1442.8849848853167
2024-01-04 01:00:00,39416.207582762065,39919.45345171736,38680.489635168284,39416.207582762065,18494.437854530595
2024-01-04 02:00:00,37350.999246027546,37754.78466628457,37320.11718368183,37350.999246027546,46383.509353157315
2024-01-04 03:00:00,37964.97684245209,38364.80607933555,37918.75542908811,37964.97684245209,12205.16220057683
2024-01-04 04:00:00,38031.07164104939,38046.11488995034,37455.490484945694,38031.07164104939,32083.82075471267
2024-01-04 05:00:00,37803.640241714034,38061.27231359355,37565.17046188225,37803.640241714034,11881.717663972708
2024-01-04 06:00:00,37873.018069403,37883.74309311185,37485.12760836035,37873.018069403,16761.829493317884
2024-01-04 07:00:00,36367.513401065735,36378.334969084484,35693.226038535984,36367.513401065735,42554.06239047272
2024-01-04 08:00:00,36207.73499457037,36547.46630853513,35765.626349900136,36207.73499457037,36714.210671227396
2024-01-04 09:00:00,36466.339741620905,36654.52236543138,36254.07001544586,36466.339741620905,5674.564588347321
2024-01-04 10:00:00,37544.20746837415,37580.29525228909,37459.175808419095,37544.20746837415,22006.399028335247
2024-01-04 11:00:00,37155.04657638325,37326.805175212714,36798.56648110654,37155.04657638325,2429.3184186179587
2024-01-04 12:00:00,36554.254226939156,36713.081082521225,36418.19681576425,36554.254226939156,24563.61718354744
2024-01-04 13:00:00,36187.427136312224,36299.30857321823,35793.437022859165,36187.427136312224,33459.26657335233
2024-01-04 14:00:00,36849.948085007614,36931.80426453391,36155.47900965355,36849.948085007614,6806.628556309426
2024-01-04 15:00:00,37092.237311484576,37269.81588635746,36519.813759683726,37092.237311484576,15155.362006549118
2024-01-04 16:00:00,36699.23748755843,37160.09041034721,36519.833477300526,36699.23748755843,20493.99464960569
2024-01-04 17:00:00,37075.96795600755,37407.65227271056,36660.85895521144,37075.96795600755,46057.02020814644
2024-01-04 18:00:00,37147.95283818507,37217.37182842607,37095.616481627,37147.95283818507,49669.495755725235
2024-01-04 19:00:00,37867.616406690264,38034.13207705861,37197.95057135401,37867.616406690264,3200.653650785177
2024-01-04 20:00:00,37335.91486156871,37876.15729253674,37215.2572389406,37335.91486156871,38289.38825127421
2024-01-04 21:00:00,37091.24354139405,37164.1481522422,37036.495906636614,37091.24354139405,19214.479253714817
2024-01-04 22:00:00,36800.36796134622,37180.09054865973,36628.864813824526,36800.36796134622,20230.451125244523
2024-01-04 23:00:00,35723.21018918238,36253.900043729576,35153.531060569316,35723.21018918238,37958.98369400411
2024-01-05 00:00:00,35934.77752715951,36030.74144608532,35750.216471484426,35934.77752715951,46002.89517512502
2024-01-05 01:00:00,36122.39678972104,36443.752755679685,35929.97247871618,36122.39678972104,47595.50113062487
2024-01-05 02:00:00,36126.090995917155,36155.81698475787,35703.4457752719,36126.090995917155,29279.00671587772
2024-01-05 03:00:00,35956.596673381515,36339.707154477794,34923.82893394989,35956.596673381515,18498.93680572464
2024-01-05 04:00:00,34938.75837507728,35119.49253676004,34929.14500888451,34938.75837507728,39589.905207080184
2024-01-05 05:00:00,34644.82186920317,35133.087779373636,34030.82846046283,34644.82186920317,13299.067779852712
2024-01-05 06:00:00,34407.35620166197,35198.34626776897,33835.76082627955,34407.35620166197,28639.627412842372
2024-01-05 07:00:00,33855.27140616987,33978.111385572956,33700.52022791514,33855.27140616987,18570.344614718786
2024-01-05 08:00:00,33746.063975322075,33896.40354120565,33542.84110816528,33746.063975322075,33174.92261168593
2024-01-05 09:00:00,34018.76649658902,34513.18996815736,33859.29527701874,34018.76649658902,12779.546731781838
2024-01-05 10:00:00,35302.080851437815,35859.702687430465,34949.63001648658,35302.080851437815,10388.054341006462
2024-01-05 11:00:00,35425.34005270695,35610.56499532567,35318.42924594438,35425.34005270695,45993.715247096414
2024-01-05 12:00:00,35607.81625614818,35757.43560591223,35335.03179824637,35607.81625614818,5988.3804645273085
2024-01-05 13:00:00,35554.799126355734,35654.98707800507,35118.56548318915,35554.799126355734,25791.937479011653
2024-01-05 14:00:00,34190.368623767914,34650.04120945466,34156.12557582769,34190.368623767914,11821.786365187438
2024-01-05 15:00:00,34172.23824026284,34486.162172014236,34102.63836111949,34172.23824026284,2907.568202957705
2024-01-05 16:00:00,34213.40226193016,34556.95298173507,33913.01454773344,34213.40226193016,2764.922096279893
2024-01-05 17:00:00,35898.92012718988,36174.55116182512,35602.07900934568,35898.92012718988,9585.86683318554
2024-01-05 18:00:00,35760.80910898454,35773.21270535259,35679.81842477949,35760.80910898454,43471.747370794015
2024-01-05 19:00:00,35976.48064791482,36060.74286584039,35844.31546744798,35976.48064791482,14841.458454874306
2024-01-05 20:00:00,35951.50450169371,36508.93275616654,35623.057083666674,35951.50450169371,47572.49935818949
2024-01-05 21:00:00,35111.18982708352,35461.723809473675,34829.18414105897,35111.18982708352,29499.492356470484
2024-01-05 22:00:00,35913.7072026667,36267.21386678585,35377.6274005629,35913.7072026667,22394.095298669537
2024-01-05 23:00:00,36453.80125810522,36531.8083260937,36354.96639941734,36453.80125810522,29424.352898803274
2024-01-06 00:00:00,37030.5236858316,37048.84035655034,37022.61126483688,37030.5236858316,26318.22087608712
2024-01-06 01:00:00,36357.0218121441,36602.36608210371,36085.35789897344,36357.0218121441,38180.03643410893
2024-01-06 02:00:00,37377.0502793572,37796.690653853955,36470.94077838256,37377.0502793572,14842.30723266976
2024-01-06 03:00:00,36329.10912619405,36468.035180194456,36007.94330942495,36329.10912619405,18299.469188414816
2024-01-06 04:00:00,36755.509034237075,36816.68939066451,36484.67830907304,36755.509034237075,44810.620824129284
2024-01-06 05:00:00,38365.73526510816,38554.6678133672,38257.80187931639,38365.73526510816,47376.36914436987
2024-01-06 06:00:00,37605.68217669942,37714.42601788206,37580.48986049194,37605.68217669942,44735.35314683725
2024-01-06 07:00:00,37179.76192796285,38092.63667459865,36987.93695512747,37179.76192796285,21552.951703908366
2024-01-06 08:00:00,37253.86220855795,37491.44498353981,36671.7535280879,37253.86220855795,39237.909647337205
2024-01-06 09:00:00,36878.73395568178,37074.55891002968,36683.62602631783,36878.73395568178,24340.45093175384
2024-01-06 10:00:00,35735.00387309993,35957.683164352675,35451.173359074404,35735.00387309993,25379.452755159007
2024-01-06 11:00:00,35784.005836504824,35982.77780124558,35335.170836111276,35784.005836504824,11029.325343806913
2024-01-06 12:00:00,35023.73619066251,35246.972976643585,34920.9212349337,35023.73619066251,29965.384859667305
2024-01-06 13:00:00,35355.475717711735,35775.85816864704,34875.84976718721,35355.475717711735,10120.658989914049
2024-01-06 14:00:00,34705.34209395716,35198.33295268123,34543.46597292482,34705.34209395716,17246.670254292494
2024-01-06 15:00:00,35781.16216894371,35985.38182588344,35768.40923236343,35781.16216894371,42896.47987937682
2024-01-06 16:00:00,35220.647907494866,35513.80893323632,34651.788017372855,35220.647907494866,11146.714651331906
2024-01-06 17:00:00,34993.78360215818,35158.749741826956,34586.197232930266,34993.78360215818,4486.755973498208
2024-01-06 18:00:00,35563.14451138347,35759.53239064627,35301.90064735833,35563.14451138347,4381.372038027999
2024-01-06 19:00:00,34687.67640019855,34907.225740975475,34406.61865682228,34687.67640019855,47098.441504652284
2024-01-06 20:00:00,34845.47753230971,34916.187027948334,34775.58823775187,34845.47753230971,25839.101460129896
2024-01-06 21:00:00,35756.43780182711,36298.41390354095,35345.726002410076,35756.43780182711,21061.1915190339
2024-01-06 22:00:00,34606.88031594574,35142.42358885307,34255.33607482862,34606.88031594574,40733.05046938801
2024-01-06 23:00:00,34734.67235283571,35358.46457844317,34713.24805908329,34734.67235283571,41955.47046761528
2024-01-07 00:00:00,34915.21122700288,35129.16769266069,34765.48904013622,34915.21122700288,17277.360622664626
2024-01-07 01:00:00,35461.16144120702,35598.644917286,35215.37814285738,35461.16144120702,34987.284816215964
2024-01-07 02:00:00,34583.88726414175,34682.75062859725,34522.86691557757,34583.88726414175,38785.01797674244
2024-01-07 03:00:00,33670.556811259805,33783.170274741504,33546.976494188115,33670.556811259805,33077.883656431775
2024-01-07 04:00:00,34022.03807400504,34246.08825718796,33740.47501403919,34022.03807400504,8428.158665204868
2024-01-07 05:00:00,34224.11855120775,34912.0933356769,34194.63656654934,34224.11855120775,43918.271092335795
2024-01-07 06:00:00,34395.576491337095,34456.43851031911,34026.80809737612,34395.576491337095,27415.633084064426
2024-01-07 07:00:00,34633.902209137894,34910.38369614958,33622.124539498196,34633.902209137894,14841.14889213018
2024-01-07 08:00:00,34162.86401499898,34634.078967198315,34013.72268276045,34162.86401499898,21836.181086447003
2024-01-07 09:00:00,34321.55304446082,34572.419585837386,34011.308568490065,34321.55304446082,2840.9834295464616
2024-01-07 10:00:00,34522.72709322467,34534.163427664134,33706.97837710527,34522.72709322467,7265.47325989846
2024-01-07 11:00:00,34029.49991216102,34640.17897875049,33685.8936028887,34029.49991216102,38511.79077527718
2024-01-07 12:00:00,35299.32738342328,35482.04069044365,35080.77009382264,35299.32738342328,1000.5701030129409
2024-01-07 13:00:00,35633.84705142946,35713.59130783599,34900.6822626623,35633.84705142946,21411.725595632317
2024-01-07 14:00:00,34784.832519206415,34790.54519610012,34777.599462816994,34784.832519206415,26602.998873193832
2024-01-07 15:00:00,35241.59466553058,35660.40340599159,34985.03481982947,35241.59466553058,3677.0865800476427
2024-01-07 16:00:00,34554.60793852911,35427.7795311613,34491.40879037181,34554.60793852911,48680.82998564431
2024-01-07 17:00:00,35098.55593646457,35284.88320967723,34615.99416743258,35098.55593646457,12080.141231233925
2024-01-07 18:00:00,35911.856571215205,36087.623361815306,35679.87884170657,35911.856571215205,15905.737262177763
2024-01-07 19:00:00,35322.412057071626,35691.2348646087,35040.118163355444,35322.412057071626,15893.183100496339
2024-01-07 20:00:00,36002.987429133915,36248.48873642441,35829.18533952776,36002.987429133915,12290.416443750146
2024-01-07 21:00:00,36300.21435960353,36970.57307744022,35954.1540312542,36300.21435960353,1072.2172822292594
2024-01-07 22:00:00,36897.03356008933,37112.48573859587,36851.771852428465,36897.03356008933,36737.89491031182
2024-01-07 23:00:00,38296.754246839824,38434.35145587688,37674.55513029839,38296.754246839824,48375.429490164985
2024-01-08 00:00:00,38108.80287936668,38333.89436449268,37985.6812360308,38108.80287936668,11990.380680967208
2024-01-08 01:00:00,37534.32322115569,37950.4676066562,37439.604042007704,37534.32322115569,33489.3123983677
2024-01-08 02:00:00,36866.57677892676,37169.0604722153,36758.995953422454,36866.57677892676,37352.92002097704
2024-01-08 03:00:00,36265.05412877243,36449.01733073471,35698.16213586259,36265.05412877243,42572.84357543571
2024-01-08 04:00:00,36209.132175465966,36595.36582370155,35889.36578900429,36209.132175465966,21708.830653666846
2024-01-08 05:00:00,36456.18851442711,36882.46911917086,36427.81203914977,36456.18851442711,15843.614376381032
2024-01-08 06:00:00,36657.93035323876,37164.60123354432,36591.77015221312,36657.93035323876,16939.461567128525
2024-01-08 07:00:00,37264.38687188932,37506.12463407693,36074.49491457204,37264.38687188932,35918.44532182713
2024-01-08 08:00:00,37274.07702246941,37336.36874444519,37162.71963329832,37274.07702246941,41022.19385877617
2024-01-08 09:00:00,38357.65984540433,38413.935782193075,38069.29039166062,38357.65984540433,9899.08442007353
2024-01-08 10:00:00,38154.62750970226,38614.96651174468,37991.95235701071,38154.62750970226,19176.109399730496
2024-01-08 11:00:00,40230.36833599434,40559.02456550063,39768.34439704556,40230.36833599434,45195.06964070835
2024-01-08 12:00:00,40733.78489312215,40883.95948571679,40687.64556774614,40733.78489312215,40527.98246504222
2024-01-08 13:00:00,40035.47946267065,40192.95454209869,39459.65797804528,40035.47946267065,49258.06173536131
2024-01-08 14:00:00,39178.005570413574,39189.267218744186,38817.87000722085,39178.005570413574,37958.16472442196
2024-01-08 15:00:00,39556.05170985294,40061.75678971146,39291.76028988081,39556.05170985294,20266.56485036819
2024-01-08 16:00:00,39379.2656000214,39454.51900957612,38641.5746932454,39379.2656000214,29941.25386573725
2024-01-08 17:00:00,39941.60190192938,39960.149403130905,39510.21340317215,39941.60190192938,33389.6984581187
2024-01-08 18:00:00,40319.63927804401,40867.928368787434,40139.28070330269,40319.63927804401,4844.334999539074
2024-01-08 19:00:00,40260.91056829726,40561.35904912821,39745.16171653383,40260.91056829726,27680.35099608939
2024-01-08 20:00:00,39579.0568452383,39834.53339621915,39552.200274154035,39579.0568452383,35756.72059515787
2024-01-08 21:00:00,38379.932356884434,39210.188056396175,38052.63839721521,38379.932356884434,9198.74389605196
2024-01-08 22:00:00,38037.18808375104,38154.25826986096,37852.809350333075,38037.18808375104,39250.9541538523
2024-01-08 23:00:00,38688.688124038636,38773.474510831344,38361.24383737217,38688.688124038636,29604.86624519147
2024-01-09 00:00:00,38854.34824595786,38951.24465089543,38604.301152972956,38854.34824595786,47658.86749918214
2024-01-09 01:00:00,37886.30087932647,38483.93957512847,37496.086825038496,37886.30087932647,3078.6926121376932
2024-01-09 02:00:00,38017.52457259363,38053.75357503543,37890.251278447045,38017.52457259363,14000.980740217881
2024-01-09 03:00:00,38310.5008316354,38417.395375586086,38155.86108376819,38310.5008316354,30476.14008569138
2024-01-09 04:00:00,37633.28041074279,37862.05180885153,37273.83645218993,37633.28041074279,15531.435698090605
2024-01-09 05:00:00,37748.98401110717,37819.427059170725,37589.07966756509,37748.98401110717,36006.78403949087
2024-01-09 06:00:00,37792.93041074567,37961.65075602293,37013.44180331182,37792.93041074567,38191.25884357462
2024-01-09 07:00:00,36929.00647219643,37000.681978235734,36534.77717319864,36929.00647219643,6023.282239257248
2024-01-09 08:00:00,37193.26110711587,37592.57976717011,37184.253101356844,37193.26110711587,26178.86874613162
2024-01-09 09:00:00,37610.40921339674,37996.48581814337,37079.267283509296,37610.40921339674,25935.637223961738
2024-01-09 10:00:00,38425.08922249475,38476.18293842454,38394.48694685055,38425.08922249475,19094.757740561512
2024-01-09 11:00:00,39234.937979940536,39509.62994746658,39057.450186243215,39234.937979940536,46713.318265913935
2024-01-09 12:00:00,38153.88253576733,38609.83922281496,37748.53815697057,38153.88253576733,41547.80967378784
2024-01-09 13:00:00,37438.24920752687,38008.50371683623,37277.89852910074,37438.24920752687,35163.2597135722
2024-01-09 14:00:00,37823.88958121533,38035.295563572625,37753.10434106243,37823.88958121533,36002.00515101488
2024-01-09 15:00:00,38212.55724272899,38356.69954641439,37835.88460387107,38212.55724272899,23624.091046842837
2024-01-09 16:00:00,38606.183026643084,39210.57209869537,38147.778594343166,38606.183026643084,46128.731533732214
2024-01-09 17:00:00,41580.96816825764,41608.307763384946,40504.20253457311,41580.96816825764,35035.17593541098
2024-01-09 18:00:00,42055.7317713115,42289.224995053184,41811.962798727254,42055.7317713115,36720.072021135005
2024-01-09 19:00:00,43010.87265075456,43819.974722252315,42870.744811928555,43010.87265075456,43222.85428557992
2024-01-09 20:00:00,43831.52161791859,44466.20814371,43746.32002075088,43831.52161791859,14429.507877767359
2024-01-09 21:00:00,44402.55101218525,45378.876948732446,44245.73616886214,44402.55101218525,40546.474289468446
2024-01-09 22:00:00,44122.575837830926,44316.72154725312,43973.228047300734,44122.575837830926,10566.78954486811
2024-01-09 23:00:00,44792.3293776268,45017.21115945311,44660.01220501117,44792.3293776268,17921.755659999504
2024-01-10 00:00:00,44099.99654640876,44550.360183494195,44025.705261691815,44099.99654640876,17444.912259222292
2024-01-10 01:00:00,43891.12255162156,44202.02814800804,43312.814202530724,43891.12255162156,48947.74795106789
2024-01-10 02:00:00,43465.05953242442,43571.02765780554,43027.56520720643,43465.05953242442,42970.323963648414
2024-01-10 03:00:00,43536.232819276265,43781.8114052376,43039.972635046106,43536.232819276265,35357.32321792273
2024-01-10 04:00:00,45551.66310439287,46134.86305078615,44951.69528622102,45551.66310439287,36625.78131915411
2024-01-10 05:00:00,43850.5224048029,44233.09950101272,43798.748738921655,43850.5224048029,28541.566925725983
2024-01-10 06:00:00,44452.37976187373,44741.40965871609,43509.164764170506,44452.37976187373,47407.44268831744
2024-01-10 07:00:00,43018.59859479126,43061.26266153344,42757.12209399222,43018.59859479126,25316.678891235715
2024-01-10 08:00:00,42612.56164482154,43399.460973118425,42059.87904413821,42612.56164482154,19645.36778362483
2024-01-10 09:00:00,43540.621133650275,44006.54268756525,43530.66423728411,43540.621133650275,8988.731509647958
2024-01-10 10:00:00,43596.596972808264,44261.67403329507,43160.935206054375,43596.596972808264,39524.07696079184
2024-01-10 11:00:00,42656.876878349605,42952.023251830215,42441.5556616885,42656.876878349605,36987.75267170398
2024-01-10 12:00:00,42046.62443321902,42065.791814310076,41693.17208776422,42046.62443321902,19833.39688768261
2024-01-10 13:00:00,42618.12025952137,42721.82695867257,42385.112689926136,42618.12025952137,2234.477284002239
2024-01-10 14:00:00,41995.58320064012,42096.891690027114,41895.24227214027,41995.58320064012,42110.86905818253
2024-01-10 15:00:00,42177.389294805784,42325.877069926995,42022.67233460632,42177.389294805784,1559.481189249608
2024-01-10 16:00:00,42215.83131945586,42744.179091668586,42050.4473600753,42215.83131945586,35481.2892018235
2024-01-10 17:00:00,41665.67431221134,42267.22856997949,41281.34588891553,41665.67431221134,48542.598376576796
2024-01-10 18:00:00,43452.25183559973,43487.94837252078,42750.334722920416,43452.25183559973,22445.40507926197
2024-01-10 19:00:00,44003.15601562252,44494.801443552285,43861.32483668517,44003.15601562252,12513.696844801685
2024-01-10 20:00:00,42220.902711730996,42365.60444679357,41707.00739680572,42220.902711730996,35538.6794921257
2024-01-10 21:00:00,42378.348101412244,42571.912570589644,41733.63948920589,42378.348101412244,41039.27895876367
2024-01-10 22:00:00,41817.43975795709,42055.701847128745,41399.97169952694,41817.43975795709,27775.08548781452
2024-01-10 23:00:00,42530.371350467394,42720.78346361059,42346.80162864436,42530.371350467394,48384.72848755116
2024-01-11 00:00:00,41856.247324297605,42125.266952277314,41687.261059163706,41856.247324297605,3531.767361240094
2024-01-11 01:00:00,41760.198586874634,42315.25532298041,41750.09445359649,41760.198586874634,25734.98431692188
2024-01-11 02:00:00,42181.96596795603,42264.86246087933,41800.76675661106,42181.96596795603,36204.24341880495
2024-01-11 03:00:00,42912.35109069734,43216.60127239996,42773.1608969297,42912.35109069734,43269.38308630977
2024-01-11 04:00:00,41882.20027404773,41919.78355724642,41388.39246740347,41882.20027404773,9783.524983481711
2024-01-11 05:00:00,41602.00731901959,42201.12498839334,41107.908852905326,41602.00731901959,40200.17060642039
2024-01-11 06:00:00,41206.83375279855,41485.55360422484,41015.37967551405,41206.83375279855,28082.64671020872
2024-01-11 07:00:00,40668.40117134838,41400.81485146157,40586.59275550311,40668.40117134838,20431.130417508197
2024-01-11 08:00:00,42104.36519721657,42121.27344741158,41985.08863722136,42104.36519721657,7454.036400375585
2024-01-11 09:00:00,42445.39515434644,43052.69330021045,42335.50191518349,42445.39515434644,43399.49218653671
2024-01-11 10:00:00,41375.020800635924,41428.02402895179,41132.27611823948,41375.020800635924,8706.387200806053
2024-01-11 11:00:00,42134.551943665996,42421.510008047946,41934.45341578401,42134.551943665996,16179.605101245863
2024-01-11 12:00:00,43922.87395397803,44292.10876040259,43540.17514025147,43922.87395397803,15212.231066159407
2024-01-11 13:00:00,44829.85078399901,45122.42114010087,44226.45010176145,44829.85078399901,43699.28767535186
2024-01-11 14:00:00,43467.58820681085,43661.533384207665,43412.65405159612,43467.58820681085,33962.446716236
2024-01-11 15:00:00,43046.61846130971,43860.001850430875,42211.975092849396,43046.61846130971,40037.38846237725
2024-01-11 16:00:00,44137.343278578024,44336.97927137569,43695.82360791371,44137.343278578024,13272.92704083245
2024-01-11 17:00:00,43512.650275942346,44567.34441044927,43217.74547715508,43512.650275942346,31618.830880742946
2024-01-11 18:00:00,43898.88546719426,44594.201153587914,43673.285648865574,43898.88546719426,29015.553174043685
2024-01-11 19:00:00,44578.99689900392,44917.982124986054,44498.94114200189,44578.99689900392,41808.68846262529
2024-01-11 20:00:00,43752.56428664249,44096.372006220736,43599.1546270495,43752.56428664249,45398.26596358177
2024-01-11 21:00:00,43700.476547286904,43886.4035292934,43486.69944020438,43700.476547286904,1595.6818023919536
2024-01-11 22:00:00,40867.5779997234,41262.75772925545,40608.18270847793,40867.5779997234,34026.97603388084
2024-01-11 23:00:00,40030.293163039765,40049.39215877547,39586.0770630749,40030.293163039765,3539.954156866722
2024-01-12 00:00:00,39828.08562016146,39829.52044251495,39664.86269459257,39828.08562016146,27894.07458879044
2024-01-12 01:00:00,38834.149312027585,39283.99038500642,38740.458954206326,38834.149312027585,15094.003723140231
2024-01-12 02:00:00,40102.01539833804,40704.90841681106,39832.29978911655,40102.01539833804,16032.05337658492
2024-01-12 03:00:00,38954.98436712249,39296.76071025927,38214.885656390274,38954.98436712249,18294.96666916547
2024-01-12 04:00:00,38612.145845120096,38697.46485418467,38560.93310952701,38612.145845120096,31443.330003430896
2024-01-12 05:00:00,38713.109329881016,38723.51767412522,38335.83873471214,38713.109329881016,17368.44831776969
2024-01-12 06:00:00,39829.03273815809,39912.029594956206,39388.09321594996,39829.03273815809,36902.25347892374
2024-01-12 07:00:00,38685.252725621925,39475.103019459006,38638.68296811243,38685.252725621925,20821.841893119614
2024-01-12 08:00:00,39585.19839988987,39683.04405716031,38725.14284952623,39585.19839988987,4349.3068151879725
2024-01-12 09:00:00,39593.299954903836,39863.320023858796,39257.7777483868,39593.299954903836,39404.232281721255
2024-01-12 10:00:00,38816.07662631835,39204.866216863695,38608.283227456195,38816.07662631835,15002.157905042593
2024-01-12 11:00:00,39174.81750364417,39284.938030384445,39139.351255521455,39174.81750364417,22205.57710036387
2024-01-12 12:00:00,39330.7800485726,40037.82418241061,39200.20959495197,39330.7800485726,34586.75027787317
2024-01-12 13:00:00,38858.64008903312,39107.662910029125,38784.614504097015,38858.64008903312,17290.35170028689
2024-01-12 14:00:00,38912.88837099495,39135.150613687714,38636.82017734564,38912.88837099495,3772.6971511890656
2024-01-12 15:00:00,38613.01507134479,38834.10654700577,38444.860653443,38613.01507134479,19322.131303627866
2024-01-12 16:00:00,38700.6800106057,39242.24008032986,38502.104577537706,38700.6800106057,47277.98055202087
2024-01-12 17:00:00,39213.178157802606,39575.75641119025,39111.40165671897,39213.178157802606,32444.98546762935
2024-01-12 18:00:00,40457.03335725818,40481.15803590784,40158.1325545586,40457.03335725818,33902.47828469314
2024-01-12 19:00:00,39455.4664987348,39710.71842233042,39212.67038723592,39455.4664987348,31981.825528244353
2024-01-12 20:00:00,41138.663035823476,41425.90277204854,40753.836060282665,41138.663035823476,10750.614809012402
2024-01-12 21:00:00,39532.53739180551,39688.092148928656,39103.2211056603,39532.53739180551,21498.359341011725
2024-01-12 22:00:00,39412.52839290525,39765.346674920045,39201.29164792408,39412.52839290525,37796.050119802596
2024-01-12 23:00:00,39876.269764997414,40129.55258610731,39554.04645749772,39876.269764997414,5967.271980104798
2024-01-13 00:00:00,40100.36791538887,40521.242415697874,39953.08435140839,40100.36791538887,14614.786028395902
2024-01-13 01:00:00,39600.958318478035,39812.91659151395,38873.01996681333,39600.958318478035,14539.636314826826
2024-01-13 02:00:00,39436.12150724711,39955.65063169993,39347.995190911584,39436.12150724711,22168.927452130793
2024-01-13 03:00:00,39047.28061199927,39124.43788413171,38910.881902394154,39047.28061199927,49038.06830616707
2024-01-13 04:00:00,38587.0187910548,39387.800093938116,38579.525344081754,38587.0187910548,4307.624787507275
2024-01-13 05:00:00,39242.6910327082,39513.14687879616,39123.71512725691,39242.6910327082,26416.348724649157
2024-01-13 06:00:00,39522.896000900575,40208.99916943886,39206.73579492839,39522.896000900575,9788.869418598311
2024-01-13 07:00:00,38975.180123470316,39052.31620780865,38345.2201524774,38975.180123470316,48563.15072507746
2024-01-13 08:00:00,39676.421467151566,39934.88081977854,39258.35798960578,39676.421467151566,6551.871731645746
2024-01-13 09:00:00,39920.27237329065,40113.440916220905,39494.00253858628,39920.27237329065,20776.449115717973
2024-01-13 10:00:00,40569.265917010285,40699.228468329624,40183.733102992985,40569.265917010285,37156.3642568957
2024-01-13 11:00:00,41080.13751535065,41254.38546942585,40377.41518953802,41080.13751535065,35523.16697334482
2024-01-13 12:00:00,40399.03293438628,40610.2534153904,40356.83646018962,40399.03293438628,21713.70320780268
2024-01-13 13:00:00,39946.41748854356,40175.59008724865,39878.97925818672,39946.41748854356,17979.684229683193
2024-01-13 14:00:00,40543.45153527901,40553.325727588955,40515.049970477805,40543.45153527901,20483.006549090656
2024-01-13 15:00:00,41038.38188078256,41917.5349714685,40561.56582596825,41038.38188078256,13949.536894773324
2024-01-13 16:00:00,41021.22652888221,41729.88592607345,40640.814898983204,41021.22652888221,11061.313996633191
2024-01-13 17:00:00,41117.48479225722,41296.89011078046,41019.47346203179,41117.48479225722,24668.94518038561
2024-01-13 18:00:00,42168.17213070085,42184.19750279047,41756.94911555968,42168.17213070085,14158.154047312759
2024-01-13 19:00:00,41669.26244766031,41719.278616209944,41460.46020287815,41669.26244766031,15085.621579965256
2024-01-13 20:00:00,42125.20533486835,42383.65104064735,42045.343689598965,42125.20533486835,33181.0471102533
2024-01-13 21:00:00,41954.85719484876,42383.96835497728,41534.869736257606,41954.85719484876,48458.329253294716
2024-01-13 22:00:00,41772.20151894074,41879.71336481569,40643.00187798402,41772.20151894074,30578.22282740938
2024-01-13 23:00:00,42690.16808065186,43402.4894263572,42400.781967366864,42690.16808065186,4771.993886183347
2024-01-14 00:00:00,43394.9113341482,43568.15385422818,43111.075771396834,43394.9113341482,4703.597078849281
2024-01-14 01:00:00,44100.95490462266,44386.37449413552,43293.62831631081,44100.95490462266,47619.73782143273
2024-01-14 02:00:00,45252.41214468773,45471.06567403478,45021.080637456325,45252.41214468773,15567.248725059348
2024-01-14 03:00:00,45271.42163465148,45983.98781873412,44649.546882850336,45271.42163465148,5511.282318041296
2024-01-14 04:00:00,45888.881244621436,46451.37139405393,45825.80765897144,45888.881244621436,30353.184770368698
2024-01-14 05:00:00,45604.12535767201,46271.94071374916,45169.57525466423,45604.12535767201,31558.79013622304
2024-01-14 06:00:00,45899.79181718446,46002.814734633364,45159.759453253944,45899.79181718446,32776.736185815724
2024-01-14 07:00:00,45780.32103514588,46259.68599963529,45178.34897695757,45780.32103514588,14102.699365019524
2024-01-14 08:00:00,45869.13116347548,46641.534164968376,45116.89368246364,45869.13116347548,1740.4235265092766
2024-01-14 09:00:00,46415.11787672807,46628.10954825644,46070.65852695145,46415.11787672807,48285.75310326912
2024-01-14 10:00:00,45655.5616874989,46148.03948081735,45621.12203595706,45655.5616874989,13293.759238864022
2024-01-14 11:00:00,47566.14401428281,47584.46100834321,46804.15064913622,47566.14401428281,34125.288114574825
2024-01-14 12:00:00,46609.09666129707,46689.556686390286,46494.40915835739,46609.09666129707,35624.86362405677
2024-01-14 13:00:00,45477.25197292768,45879.116229282314,45093.76659402261,45477.25197292768,30890.3634368948
2024-01-14 14:00:00,46530.60597306268,46834.13576128937,45520.453171282876,46530.60597306268,16332.462316468762
2024-01-14 15:00:00,47267.336870589934,48012.45546183323,47184.200331119966,47267.336870589934,14283.716434439222
2024-01-14 16:00:00,47857.34650339424,48563.97953482499,47798.38395210255,47857.34650339424,30285.745852432454
2024-01-14 17:00:00,48458.76547860849,49127.54071130535,48191.52247358421,48458.76547860849,43438.686046972885
2024-01-14 18:00:00,48446.896208743325,48749.96192146426,48425.77217680479,48446.896208743325,47389.952717246386
2024-01-14 19:00:00,47577.51242057902,47765.825895861286,46771.049301282925,47577.51242057902,6189.384415784124
2024-01-14 20:00:00,47649.64426675899,47885.04789309312,47352.954060863274,47649.64426675899,8586.602017288273
2024-01-14 21:00:00,47004.313973466546,47126.841888800875,46912.84007419106,47004.313973466546,47292.076680370905
2024-01-14 22:00:00,47921.010655692364,48184.72244710545,47565.21124720462,47921.010655692364,37090.226188404835
2024-01-14 23:00:00,47780.06788877312,48100.96998993078,47149.360236764776,47780.06788877312,44266.69741665888
2024-01-15 00:00:00,46991.22164667836,47003.2298168177,46703.74387720518,46991.22164667836,10928.999072631816
2024-01-15 01:00:00,46689.17538029396,47236.71288883156,46671.88320516478,46689.17538029396,29791.707684360692
2024-01-15 02:00:00,47074.763962068246,47330.66245174101,46872.670953192835,47074.763962068246,35355.840126456205
2024-01-15 03:00:00,46544.01995681086,46716.51876549982,46221.73939775323,46544.01995681086,34325.48238690166
2024-01-15 04:00:00,45778.63110680804,46131.90421281174,45134.83822292309,45778.63110680804,20999.432852468206
2024-01-15 05:00:00,46001.744446014745,47312.123742792806,45963.51443287369,46001.744446014745,1754.3496928741154
2024-01-15 06:00:00,46227.12223805394,46758.163562593785,45531.53331140973,46227.12223805394,29563.376783408894
2024-01-15 07:00:00,45758.43175534137,46554.49749754182,45410.64206589406,45758.43175534137,13401.975419800829
2024-01-15 08:00:00,45327.35227210562,45491.63715439376,45289.98451488074,45327.35227210562,23062.458061001627
2024-01-15 09:00:00,45537.71645721221,46047.58855908384,44873.98078816803,45537.71645721221,47921.46973910705
2024-01-15 10:00:00,44218.867374227535,44791.360858895256,44082.13862253778,44218.867374227535,20552.7305644793
2024-01-15 11:00:00,42974.138294763805,43472.99360373452,42650.90556083238,42974.138294763805,42150.278726556906
2024-01-15 12:00:00,42356.64786834028,42554.75041925596,42221.45624487653,42356.64786834028,10238.489681713305
2024-01-15 13:00:00,42175.8297514691,42321.97063871008,41610.48365345157,42175.8297514691,33950.56440322641
2024-01-15 14:00:00,42438.0854425712,42457.9976379261,41642.29814770737,42438.0854425712,48873.34076750823
2024-01-15 15:00:00,43690.311306433876,43898.73192890645,43640.05605437078,43690.311306433876,5992.761942773903
2024-01-15 16:00:00,44439.73962508698,44473.87907344923,44368.57702768279,44439.73962508698,1407.6771691324086
2024-01-15 17:00:00,44297.587092535105,44865.92169043549,44000.199637482365,44297.587092535105,22245.5568389981
2024-01-15 18:00:00,44280.739650020325,44721.89396655925,44186.33460612777,44280.739650020325,5538.648669516992
2024-01-15 19:00:00,43392.88481427978,43607.14003967389,43066.58362831964,43392.88481427978,37670.83313413533
2024-01-15 20:00:00,43376.8180467264,44052.013744656324,43238.42260158138,43376.8180467264,45812.88452857939
2024-01-15 21:00:00,43126.39618156532,43311.02682199682,42783.09891685255,43126.39618156532,22267.027662729182
2024-01-15 22:00:00,43404.74995133101,44056.15098582595,42937.71174336382,43404.74995133101,13676.870465616606
2024-01-15 23:00:00,42686.63490619317,43049.56595714223,42677.537680532085,42686.63490619317,22285.76263132388
2024-01-16 00:00:00,43130.01800705751,43280.39173540961,42310.03412194373,43130.01800705751,36448.94307465005
2024-01-16 01:00:00,44452.159145415884,44607.41173596714,44425.194103920105,44452.159145415884,1443.6539174381778
2024-01-16 02:00:00,44355.46667685822,44498.12940482204,44041.24954942464,44355.46667685822,29883.24548475016
2024-01-16 03:00:00,44711.82889492348,45640.38089991197,44035.0195057406,44711.82889492348,31051.292559481575
2024-01-16 04:00:00,45328.98089632841,45502.108344506756,44511.63605694423,45328.98089632841,32246.72409790084
2024-01-16 05:00:00,44965.242594221825,45158.61186413748,44252.932024427144,44965.242594221825,12859.081919062983
2024-01-16 06:00:00,45166.77005038475,45632.115808934475,45046.1175701791,45166.77005038475,35988.58344552821
2024-01-16 07:00:00,45178.145211794625,45286.025724809646,44948.31268207107,45178.145211794625,5478.182830257044
2024-01-16 08:00:00,45266.401711073835,45383.66076940202,44550.65357607382,45266.401711073835,10764.24648687324
2024-01-16 09:00:00,44566.574283022,44654.08068436906,44167.686367917755,44566.574283022,43996.03228606961
2024-01-16 10:00:00,44588.42097305801,44620.34684402756,44373.03167777652,44588.42097305801,37197.43438560175
2024-01-16 11:00:00,45032.520122136324,45049.28223328252,44966.41552947604,45032.520122136324,1673.5321465559173
2024-01-16 12:00:00,46339.49319649913,46676.67303936851,45592.39832815615,46339.49319649913,13170.43675812021
2024-01-16 13:00:00,47228.53567487864,47253.06895608878,46804.97159863875,47228.53567487864,11505.917666665064
2024-01-16 14:00:00,49262.3687650608,49623.284621619365,49130.08420704222,49262.3687650608,14269.510073811656
2024-01-16 15:00:00,48506.341592781566,48545.494252851044,48074.05684767332,48506.341592781566,13130.428743714434
2024-01-16 16:00:00,49352.60324844569,49391.411761936055,48290.626330788684,49352.60324844569,4063.788491399441
2024-01-16 17:00:00,49533.57135380527,50523.35151567021,49177.34903127507,49533.57135380527,23488.085313244195
2024-01-16 18:00:00,51702.94655067147,52176.71495855191,51593.78599613808,51702.94655067147,36903.94026452209
2024-01-16 19:00:00,50867.11848977713,51043.367193365586,50364.96870999432,50867.11848977713,30729.854511154383
2024-01-16 20:00:00,50012.83388088387,50511.9670192424,49947.188551974905,50012.83388088387,33970.71176130591
2024-01-16 21:00:00,49413.28738476356,50844.422378187075,49375.31234297653,49413.28738476356,4976.309748275718
2024-01-16 22:00:00,47314.31398875174,48302.414153833364,47207.924923496576,47314.31398875174,47623.04479866257
2024-01-16 23:00:00,46816.79922521241,46882.150621165034,46512.48882198959,46816.79922521241,42086.09985830822
2024-01-17 00:00:00,46105.9959971872,46616.93472231372,46028.23608088115,46105.9959971872,40449.42560628747
2024-01-17 01:00:00,46244.67710353268,46725.57824171238,46040.303077150056,46244.67710353268,41326.20644704661
2024-01-17 02:00:00,46560.76499849303,46846.07721640131,46053.06684649913,46560.76499849303,46702.814898505305
2024-01-17 03:00:00,48307.883989328155,48816.766757511614,47626.29241215246,48307.883989328155,27668.444339571186
2024-01-17 04:00:00,49226.14327964383,49533.200681969895,49177.612144388855,49226.14327964383,10813.818875513669
2024-01-17 05:00:00,48658.16843940008,49589.501039547504,48648.99655811738,48658.16843940008,31222.396784774515
2024-01-17 06:00:00,47783.864191262146,47874.97961067954,47445.4519730703,47783.864191262146,37401.19318972901
2024-01-17 07:00:00,48253.98016894905,48358.90018445397,48141.44410321837,48253.98016894905,37157.95227434725
2024-01-17 08:00:00,46979.850029149806,47388.60654417941,46532.06786796448,46979.850029149806,26551.002184177127
2024-01-17 09:00:00,48700.68319223799,48942.08365814083,48560.851762174694,48700.68319223799,4354.477247345325
2024-01-17 10:00:00,49849.47398550724,49924.457018496076,49544.177175758334,49849.47398550724,19184.533983076264
2024-01-17 11:00:00,49381.7107962227,49561.93478297957,49203.19417088728,49381.7107962227,46117.56381470451
2024-01-17 12:00:00,47689.76051881092,48835.94365568283,47144.32022954882,47689.76051881092,29637.996578113874
2024-01-17 13:00:00,48981.077504750574,49009.2998123829,48927.903791125245,48981.077504750574,27378.26521952996
2024-01-17 14:00:00,48868.87180399656,48967.14663933476,48852.632682468044,48868.87180399656,14173.822204727483
2024-01-17 15:00:00,50078.6855373311,50604.8394483919,49974.463350827406,50078.6855373311,19053.997075912368
2024-01-17 16:00:00,48481.74871059538,49017.727015342534,48419.4314773007,48481.74871059538,44871.95836850529
2024-01-17 17:00:00,47900.573725670336,48469.16805233133,46999.15723622592,47900.573725670336,33656.68932881495
2024-01-17 18:00:00,47905.59725016926,48211.58477784967,47642.727305855515,47905.59725016926,39581.96431086431
2024-01-17 19:00:00,47950.60991823861,48498.68774528831,47906.090221863466,47950.60991823861,23262.925730315103
2024-01-17 20:00:00,47518.99164102722,48295.18183432327,47443.02949547632,47518.99164102722,31882.11375335174
2024-01-17 21:00:00,48110.93565560393,48662.453150030124,47616.511529804404,48110.93565560393,13170.79682841717
2024-01-17 22:00:00,47083.65129995124,47226.143127114374,46487.70983368236,47083.65129995124,35567.580683890825
2024-01-17 23:00:00,46949.57637945106,47303.70569576765,46542.910957509,46949.57637945106,21952.46535146353
2024-01-18 00:00:00,47062.532958434495,47092.71808893882,46606.28184391868,47062.532958434495,22684.730225922533
2024-01-18 01:00:00,47546.74885009426,47703.064687634775,47343.63181975337,47546.74885009426,32816.7939042672
2024-01-18 02:00:00,48223.44832782391,48378.41785856431,47911.8152349811,48223.44832782391,46877.75045197741
2024-01-18 03:00:00,47138.765931763126,47337.65416851963,46301.90628553483,47138.765931763126,4136.310983822425
2024-01-18 04:00:00,45692.440955624974,46429.78502443386,45147.03915105005,45692.440955624974,41412.418630003376
2024-01-18 05:00:00,46860.04441052434,47072.57078563075,46429.3283565695,46860.04441052434,15326.772410197462
2024-01-18 06:00:00,47171.4893977164,47286.66171904635,46699.49981564534,47171.4893977164,22752.053270812514
2024-01-18 07:00:00,46465.34490324619,46913.31133115931,46153.73891010785,46465.34490324619,2073.7531099754387
2024-01-18 08:00:00,47906.8411340463,48476.67887151179,47239.75499489776,47906.8411340463,15751.257813881339
2024-01-18 09:00:00,48017.67326061244,48607.14197020667,47897.60674223277,48017.67326061244,25628.930888876395
2024-01-18 10:00:00,49150.21539784318,49443.83881896125,49008.32185721228,49150.21539784318,3752.627790024512
2024-01-18 11:00:00,49216.58635593603,49561.679644159754,49088.464833353835,49216.58635593603,25063.69073977509
2024-01-18 12:00:00,51245.04591999144,51397.5324739294,51176.219343750294,51245.04591999144,46428.42081406294
2024-01-18 13:00:00,53044.09636151622,53773.82760922118,52614.0104397942,53044.09636151622,6164.267687282456
2024-01-18 14:00:00,52779.97479586648,52859.17409688203,52361.17164915098,52779.97479586648,38457.59567569971
2024-01-18 15:00:00,53805.56460194182,53873.13172173927,52864.75710149555,53805.56460194182,21073.881615423637
2024-01-18 16:00:00,54500.06094890068,54594.38519862077,53789.19472155105,54500.06094890068,33103.51201169257
2024-01-18 17:00:00,55991.87101494272,56000.594015169896,55061.01064536803,55991.87101494272,13751.593301276238
2024-01-18 18:00:00,54911.313616060856,55513.29266712062,54344.32893156408,54911.313616060856,8815.120864526556
2024-01-18 19:00:00,55664.75335359547,56466.35412555786,55037.57571815811,55664.75335359547,8862.668099290095
2024-01-18 20:00:00,56843.09211367323,57749.45809551939,56222.95306081675,56843.09211367323,4454.105336514088
2024-01-18 21:00:00,54843.648301059155,55308.15280417676,54618.34275780284,54843.648301059155,10096.688540160909
2024-01-18 22:00:00,53545.76402670163,54076.61263472028,52953.70601408193,53545.76402670163,33546.749864459445
2024-01-18 23:00:00,51361.919126981644,52467.9416156192,51251.53156121787,51361.919126981644,44202.8399803319
2024-01-19 00:00:00,51085.1740861217,51411.5888072726,50927.81423580047,51085.1740861217,40892.15859396693
2024-01-19 01:00:00,51818.28950715141,52503.892006738875,51414.28275536708,51818.28950715141,34571.58118384972
2024-01-19 02:00:00,53375.28096052386,54251.71116566104,52675.899985832206,53375.28096052386,6411.161307144031
2024-01-19 03:00:00,53454.377554976134,53994.16899452801,52708.32346128279,53454.377554976134,15170.184868501541
2024-01-19 04:00:00,55195.51016027355,55575.33825396408,54885.21865004572,55195.51016027355,16180.53689080098
2024-01-19 05:00:00,53672.002079091384,54880.929471365984,53559.70851066531,53672.002079091384,13247.89037348344
2024-01-19 06:00:00,51843.52316256023,52352.504980210746,50970.76949344877,51843.52316256023,26235.27732577643
2024-01-19 07:00:00,51785.92739427276,51954.14433869035,51368.60010674487,51785.92739427276,27242.136929103955
2024-01-19 08:00:00,52183.71110334116,53487.99376089118,51680.21571454971,52183.71110334116,18487.4127833844
2024-01-19 09:00:00,52149.588437558385,53344.30556050527,51307.06864421009,52149.588437558385,18335.668778085364
2024-01-19 10:00:00,49993.26334484716,50687.95596752377,49376.172062734084,49993.26334484716,41599.22429739799
2024-01-19 11:00:00,49904.155312753835,50725.2776589493,49608.49102869362,49904.155312753835,39675.3495676646
2024-01-19 12:00:00,48602.18634167495,49099.17792851514,48589.352566472844,48602.18634167495,16081.995752356537
2024-01-19 13:00:00,49253.13734179778,50454.79194529188,49115.14918146599,49253.13734179778,45775.633749789704
2024-01-19 14:00:00,49614.25961708319,50301.056327067716,49212.580824840225,49614.25961708319,47687.93583312279
2024-01-19 15:00:00,48681.6308225293,48956.15097852777,48475.19099040113,48681.6308225293,17010.384559472
2024-01-19 16:00:00,48181.31323129538,48467.87368360987,47953.01121127002,48181.31323129538,18366.82249085969
2024-01-19 17:00:00,47160.62726175628,47563.1033924265,47153.81148015651,47160.62726175628,25776.073517675984
2024-01-19 18:00:00,47101.50755088421,47458.974357908446,46844.19943456146,47101.50755088421,47114.91981415
2024-01-19 19:00:00,48001.280415309375,48136.25589923272,47998.1976435684,48001.280415309375,43939.652223973266
2024-01-19 20:00:00,47054.95816805284,47103.98995392805,46849.616969814284,47054.95816805284,6025.8301665959
2024-01-19 21:00:00,47529.31592210174,47559.06600760663,47477.21913211224,47529.31592210174,20243.806420299396
2024-01-19 22:00:00,47025.260284827236,47379.81409519722,46983.707373265555,47025.260284827236,28115.18829773882
2024-01-19 23:00:00,46279.55925862914,46409.454447151904,46108.319784791376,46279.55925862914,25653.491155025462
2024-01-20 00:00:00,46180.492900909354,46962.30870230432,46060.97960356154,46180.492900909354,10499.29032890774
2024-01-20 01:00:00,45224.33288648518,45268.80632666616,44501.35536841575,45224.33288648518,43082.02178723958
2024-01-20 02:00:00,44723.56447673734,45165.69765795527,44472.701305774775,44723.56447673734,34170.09836684503
2024-01-20 03:00:00,43652.097093448225,44133.836973712176,43523.11373813011,43652.097093448225,42057.510367738374
2024-01-20 04:00:00,45367.38453872831,45448.997810044784,45051.19455397432,45367.38453872831,43079.449688124136
2024-01-20 05:00:00,45399.38084117837,46031.34126047386,45247.82885970196,45399.38084117837,37669.43682962125
2024-01-20 06:00:00,44764.03874474552,45175.11434605583,44238.90077745208,44764.03874474552,22521.31946123615
2024-01-20 07:00:00,44955.6108450396,45661.63898472343,44789.43593959595,44955.6108450396,30916.790995755804
2024-01-20 08:00:00,44854.61532326193,45298.509217051316,44806.48535933522,44854.61532326193,8857.904899867415
2024-01-20 09:00:00,44656.385195557974,45076.499601074815,44456.45100058243,44656.385195557974,34008.62545627048
2024-01-20 10:00:00,45204.91449018646,45649.04707631231,44494.80126889716,45204.91449018646,9783.409531224757
2024-01-20 11:00:00,45889.77591535336,45992.8595645186,45372.70484878356,45889.77591535336,35003.529934997685
2024-01-20 12:00:00,45402.88433961966,45652.62385794742,44860.8079498625,45402.88433961966,12250.309876944464
2024-01-20 13:00:00,44880.00816000698,45314.60123036676,44815.855287412865,44880.00816000698,6760.013707360778
2024-01-20 14:00:00,44633.12171175519,44680.154089667696,43859.8461833606,44633.12171175519,9098.940017004914
2024-01-20 15:00:00,42578.28316142502,43146.28831409689,41628.23386699783,42578.28316142502,1097.614625734443
2024-01-20 16:00:00,41287.99847962601,41536.291143317554,41024.55995056391,41287.99847962601,36218.24127482298
2024-01-20 17:00:00,42416.7085331478,42552.3495040947,42204.26679200624,42416.7085331478,36887.651403860575
2024-01-20 18:00:00,43812.190854148255,44510.11630897778,43023.108002267865,43812.190854148255,26231.734145749713
2024-01-20 19:00:00,43593.974564256154,43785.995009484584,43357.401486033225,43593.974564256154,8906.7772517138
2024-01-20 20:00:00,44096.66275590211,44105.32236986749,43749.27641157734,44096.66275590211,5094.162538023797
2024-01-20 21:00:00,44371.16461785469,44616.31084502623,44095.68730800869,44371.16461785469,1937.3193554270633
2024-01-20 22:00:00,47103.435161669106,47208.90641062606,47024.23364710367,47103.435161669106,9121.660671295815
2024-01-20 23:00:00,48158.1516466569,48815.09646359706,47930.801550339944,48158.1516466569,44651.92121417419
2024-01-21 00:00:00,48034.94615128078,48095.09767369592,47084.19055319437,48034.94615128078,12835.305243382407
2024-01-21 01:00:00,47116.95947908853,47319.28231390147,46764.56690677368,47116.95947908853,18359.295033643568
2024-01-21 02:00:00,45603.14215555039,45658.91365971089,45113.93762855852,45603.14215555039,6161.928739585326
2024-01-21 03:00:00,45788.71377774915,46037.482957224776,45679.16571591906,45788.71377774915,11895.703932660344
2024-01-21 04:00:00,45096.06722192095,45118.1011920797,44160.73750693229,45096.06722192095,26442.003968230052
2024-01-21 05:00:00,43813.306244028085,43831.09080600487,43410.493457355915,43813.306244028085,30779.881471686975
2024-01-21 06:00:00,43246.73632830004,43550.32482257241,42152.46955499006,43246.73632830004,13022.263394144342
2024-01-21 07:00:00,42311.26790152582,42591.749684672475,42190.25588899645,42311.26790152582,3828.875802030743
2024-01-21 08:00:00,43738.96993571329,44352.45503386249,43257.421531956934,43738.96993571329,20160.610587242532
2024-01-21 09:00:00,44510.21023218012,45288.95051874596,43638.54566322998,44510.21023218012,12475.965175390373
2024-01-21 10:00:00,44503.11295335795,45056.67081398943,43955.92510852124,44503.11295335795,11758.142238260296
2024-01-21 11:00:00,45820.355376911604,46137.84700096678,45592.76602767027,45820.355376911604,48033.27733295931
2024-01-21 12:00:00,45891.256243938085,46220.94236305552,45677.719429887315,45891.256243938085,31198.72381036048
2024-01-21 13:00:00,45100.747964297865,45504.36555201464,45052.96446405084,45100.747964297865,28287.043715432697
2024-01-21 14:00:00,46474.62866684372,46611.705434583986,45245.679915641165,46474.62866684372,21372.980072642775
2024-01-21 15:00:00,46975.54155014526,47561.67514593275,46269.513099043645,46975.54155014526,22018.27233807707
2024-01-21 16:00:00,46001.03755373944,46310.85022871878,45884.31467676659,46001.03755373944,27504.34518806596
2024-01-21 17:00:00,45825.92202017038,45953.77366739189,45611.59731198349,45825.92202017038,35125.06054476926
2024-01-21 18:00:00,45023.401744189425,45399.50340393682,44534.543805028516,45023.401744189425,35405.158712909644
2024-01-21 19:00:00,43778.234787810135,44717.343209515435,43735.339492831146,43778.234787810135,9413.001477567028
2024-01-21 20:00:00,44589.1631504309,45118.70334706391,44451.80599278563,44589.1631504309,25505.524851754722
2024-01-21 21:00:00,46291.9489525123,46435.370997534905,46110.64719760816,46291.9489525123,21185.946656670996
2024-01-21 22:00:00,44997.100577834804,45282.28179838688,44876.00125740069,44997.100577834804,43655.821347199824
2024-01-21 23:00:00,45503.740245146655,45692.03431158775,45347.574923562905,45503.740245146655,31939.527139700444
2024-01-22 00:00:00,44911.606835991566,44994.822500862334,44632.448912616375,44911.606835991566,27092.699254383107
2024-01-22 01:00:00,44474.05516168213,44531.791691292856,44309.67445694681,44474.05516168213,6654.337466766951
2024-01-22 02:00:00,43947.13196040123,43966.385845805686,43781.407152669846,43947.13196040123,30676.25657684716
2024-01-22 03:00:00,43187.73363304748,43251.22046594604,43175.095687019675,43187.73363304748,6742.991378331438
2024-01-22 04:00:00,43229.64441590994,43646.3259306996,42742.85689655667,43229.64441590994,17523.12220272185
2024-01-22 05:00:00,42511.210854713776,43450.930948912224,42489.36276051299,42511.210854713776,7999.256275902261
2024-01-22 06:00:00,42741.15979767025,42979.43825235933,41983.345157169366,42741.15979767025,34911.60870419408
2024-01-22 07:00:00,42698.21509639228,43283.09651900975,42159.3971396698,42698.21509639228,11106.353577971478
2024-01-22 08:00:00,42494.16199435299,42531.6767109913,42109.278643189245,42494.16199435299,20201.109286213275
2024-01-22 09:00:00,41722.83884885331,42799.16681857164,41450.068972930814,41722.83884885331,44888.064103320154
2024-01-22 10:00:00,41241.54810329449,41572.995936837666,40995.88816417883,41241.54810329449,11011.502786549545
2024-01-22 11:00:00,41864.61817482847,42550.828166867075,41289.21491507312,41864.61817482847,25882.448133980175
2024-01-22 12:00:00,42284.03231077055,42993.431865072685,41380.983136079,42284.03231077055,21544.311397135076
2024-01-22 13:00:00,41457.33275963805,41686.83567912116,40156.50590887796,41457.33275963805,1888.078011240757
2024-01-22 14:00:00,41539.693808437274,41776.047637352654,41101.011043508086,41539.693808437274,39845.147565067826
2024-01-22 15:00:00,42163.94162916661,42850.537830833855,42069.81530371961,42163.94162916661,4383.249409415386
2024-01-22 16:00:00,40756.16749259413,40910.68542972189,40733.79480175957,40756.16749259413,24238.496027870726
2024-01-22 17:00:00,41199.07307278303,41282.946294103436,41081.427440820116,41199.07307278303,28473.236452008547
2024-01-22 18:00:00,40653.08337949159,40889.554606441714,40441.231044173306,40653.08337949159,31792.896374114767
2024-01-22 19:00:00,41117.01528450248,41534.25296456198,40851.721893409405,41117.01528450248,34742.94983608591
2024-01-22 20:00:00,40489.35651639057,40752.24481639322,40264.395843329454,40489.35651639057,13410.34679261304
2024-01-22 21:00:00,39027.78621951342,39505.463010279935,38992.82486273914,39027.78621951342,1488.9600562640194
2024-01-22 22:00:00,37757.398652935626,37770.267683921,37682.888798884786,37757.398652935626,36448.739455390685
2024-01-22 23:00:00,37793.709902941606,38084.71135221822,37736.538116956945,37793.709902941606,27247.173368031352
2024-01-23 00:00:00,37990.02744064816,38078.84277268984,37915.98173145809,37990.02744064816,41969.76745715519
2024-01-23 01:00:00,37302.92717259315,37883.32179237803,36879.99773905419,37302.92717259315,41248.02978213402
2024-01-23 02:00:00,37779.35453224794,37904.358948253364,37555.11263378746,37779.35453224794,42322.982221606275
2024-01-23 03:00:00,36523.9314223499,36828.36896867337,35449.98589387455,36523.9314223499,24769.63833899747
2024-01-23 04:00:00,36475.661541665955,37202.88980668588,36236.417394369804,36475.661541665955,17347.791396006418
2024-01-23 05:00:00,35592.20920118576,35725.344198056686,35522.89828737103,35592.20920118576,39786.35192697713
2024-01-23 06:00:00,35128.20345891014,35559.461520388104,35121.63140888119,35128.20345891014,23113.41153843349
2024-01-23 07:00:00,35161.50406230384,35586.83203823024,35024.895130638186,35161.50406230384,9988.667623768291
2024-01-23 08:00:00,34556.435501529995,35134.41689960397,34167.982214483534,34556.435501529995,42893.72695851224
2024-01-23 09:00:00,34290.65812431132,34434.342500288905,33965.74506454739,34290.65812431132,44245.43396184502
2024-01-23 10:00:00,34980.78697818582,35227.40567361962,34710.428287602466,34980.78697818582,23849.178050868337
2024-01-23 11:00:00,34577.18434624108,34596.46772303098,34436.437126536446,34577.18434624108,4709.286638179587
2024-01-23 12:00:00,35155.101950552606,35351.38234586699,34813.51503491521,35155.101950552606,20003.47840592963
2024-01-23 13:00:00,34360.80275755807,34386.9188201864,33886.754881147506,34360.80275755807,40373.34531366757
2024-01-23 14:00:00,34724.89269470762,34911.975134970926,34507.265810969504,34724.89269470762,45186.927398765205
2024-01-23 15:00:00,35726.05900799568,36054.97939913025,35417.959807171115,35726.05900799568,10970.164382382196
2024-01-23 16:00:00,33960.01666282897,34017.53162689193,33636.335238601656,33960.01666282897,4281.706989238304
2024-01-23 17:00:00,33418.76513974284,33891.21106721001,33247.29832823426,33418.76513974284,43990.17220350909
2024-01-23 18:00:00,33804.46589748161,33842.065273459346,33559.35113949251,33804.46589748161,20080.84200996489
2024-01-23 19:00:00,33667.189080918986,33971.50937568781,33493.40636100135,33667.189080918986,27546.2872491106
2024-01-23 20:00:00,33917.09784682687,34166.56825714775,33699.52590650572,33917.09784682687,48435.224790487184
2024-01-23 21:00:00,33507.38935330938,33921.57190629682,33362.66338456076,33507.38935330938,4261.67166779692
2024-01-23 22:00:00,33565.417307766875,33931.72010386623,33296.75651045309,33565.417307766875,32767.58236515268
2024-01-23 23:00:00,33460.90988034178,33664.73303802533,33208.51713823763,33460.90988034178,4631.165706168487
2024-01-24 00:00:00,34242.41088684335,34616.445111891975,33835.29828509438,34242.41088684335,19397.97749485852
2024-01-24 01:00:00,34416.6505479333,34525.54773836889,34172.87608802454,34416.6505479333,40386.91271447889
2024-01-24 02:00:00,34649.03360482718,35069.360234552354,34527.26019729253,34649.03360482718,22240.139405026086
2024-01-24 03:00:00,34363.610828022545,34412.30987670325,33995.86856485233,34363.610828022545,49861.93534124457
2024-01-24 04:00:00,34028.49261759557,34817.72549888595,34019.467832849914,34028.49261759557,28393.904962383505
2024-01-24 05:00:00,33734.10655557756,33866.78881462095,33436.61402104577,33734.10655557756,16736.94547916172
2024-01-24 06:00:00,34000.23636761886,34065.533521167396,33944.793214440484,34000.23636761886,11785.454969332903
2024-01-24 07:00:00,33713.9649305191,33818.180346854795,33462.82871408254,33713.9649305191,18175.50618002193
2024-01-24 08:00:00,33909.35411778213,33954.63697607684,33680.40552559473,33909.35411778213,19254.13041421799
2024-01-24 09:00:00,35316.864130134054,35370.71169508801,35265.82466755478,35316.864130134054,4366.9702084740875
2024-01-24 10:00:00,35932.17198596406,36186.61081351934,35647.43829709931,35932.17198596406,19109.135771911886
2024-01-24 11:00:00,35697.87731337753,36039.39973268111,35587.94158435459,35697.87731337753,23747.687467222022
2024-01-24 12:00:00,36555.493057788124,36842.81538045905,35863.27287966857,36555.493057788124,36414.14985970143
2024-01-24 13:00:00,36257.145128477256,36739.812192446814,36179.81091944514,36257.145128477256,33179.74475135879
2024-01-24 14:00:00,34779.213587240185,35417.83137585216,34778.79433238922,34779.213587240185,35729.51710622856
2024-01-24 15:00:00,34078.004604804795,34251.11791258206,33799.55710348404,34078.004604804795,1409.820411965998
2024-01-24 16:00:00,32802.94749081778,33164.884259272214,32586.69548036641,32802.94749081778,11665.702579446266
2024-01-24 17:00:00,32572.33392363135,33273.58063657828,32266.945447635382,32572.33392363135,33422.53013159297
2024-01-24 18:00:00,32584.332515577236,32710.948260161997,32060.519863984286,32584.332515577236,24715.47904080761
2024-01-24 19:00:00,33676.8443320712,34516.407898756326,33419.982695711326,33676.8443320712,1260.3603077489513
2024-01-24 20:00:00,33897.041977554174,33899.099836987276,33636.32547237963,33897.041977554174,40420.237479159296
2024-01-24 21:00:00,33748.504781107404,34031.48288021236,33431.3015380919,33748.504781107404,38867.66909122653
2024-01-24 22:00:00,34308.328745548366,34336.40303088924,34023.74978991681,34308.328745548366,27872.53898668457
2024-01-24 23:00:00,32791.12160390172,32823.54863033331,32727.563839036586,32791.12160390172,4256.7029630373345
2024-01-25 00:00:00,32945.64291643348,33248.438572647545,32858.49680135431,32945.64291643348,38559.23742709665
2024-01-25 01:00:00,33453.57590472363,33550.683119695874,32783.21228762063,33453.57590472363,29601.965798836834
2024-01-25 02:00:00,32464.295960626103,32551.102992842374,32258.0119707118,32464.295960626103,39316.03888074
2024-01-25 03:00:00,33206.91935592275,33313.74528699603,32795.399820132254,33206.91935592275,37835.60262739618
2024-01-25 04:00:00,33431.72781404148,33655.081996055014,33411.69130021905,33431.72781404148,40347.10152593402
2024-01-25 05:00:00,33154.05196400162,33482.95420007186,33062.0902698548,33154.05196400162,26382.395253826617
2024-01-25 06:00:00,33573.63762141693,33632.37797611316,33116.8150351854,33573.63762141693,7875.901391482234
2024-01-25 07:00:00,35098.346004566214,35363.60005555777,34638.971692305044,35098.346004566214,33886.71619560474
2024-01-25 08:00:00,35226.01009949817,35415.00111117908,34162.35644253315,35226.01009949817,31403.21546754656
2024-01-25 09:00:00,35400.88651709655,35718.95214772284,35335.8021483961,35400.88651709655,37370.40617275527
2024-01-25 10:00:00,35075.650855596235,35085.535579962096,34444.10983995352,35075.650855596235,9324.16929648603
2024-01-25 11:00:00,34479.47396789741,34482.61814997148,34052.29178265944,34479.47396789741,10553.784795114172
2024-01-25 12:00:00,35052.064811320415,35432.693628838955,34978.57485719532,35052.064811320415,44630.066343747094
2024-01-25 13:00:00,34451.9146963268,34615.45732658357,34282.536617036574,34451.9146963268,37748.912124151466
2024-01-25 14:00:00,34501.22657432319,34509.86118206451,34222.75937852479,34501.22657432319,45503.19594631582
2024-01-25 15:00:00,34171.63121840807,34451.075302399215,33838.95460130423,34171.63121840807,38177.050737032114
2024-01-25 16:00:00,34498.98165773733,34978.58910507729,34334.64307826192,34498.98165773733,30260.60999352479
2024-01-25 17:00:00,34729.201714740855,34922.92478121941,34553.655963556055,34729.201714740855,33052.50411436581
2024-01-25 18:00:00,35449.86039496553,35453.530384247235,35074.01746286359,35449.86039496553,44567.26827306049
2024-01-25 19:00:00,35088.260192194655,35548.56070269716,34119.94349732152,35088.260192194655,29361.530971085085
2024-01-25 20:00:00,34898.87135321614,35270.58400025834,34761.92260966094,34898.87135321614,31987.17489209098
2024-01-25 21:00:00,34215.71637317049,34320.15119231334,34041.57082255581,34215.71637317049,8667.359084176427
2024-01-25 22:00:00,33911.68012970498,34118.375958052755,33903.00745075906,33911.68012970498,24222.139785689033
2024-01-25 23:00:00,34167.57800236332,34231.4615681529,33563.12761263931,34167.57800236332,36103.45848594685
2024-01-26 00:00:00,34684.86735448594,34704.516305792924,34443.907026473506,34684.86735448594,14276.192217501906
2024-01-26 01:00:00,34045.16371552579,34225.498480935814,33905.82283941129,34045.16371552579,10910.454845702212
2024-01-26 02:00:00,34637.28123388555,34661.70009390833,34455.75126157878,34637.28123388555,16377.513602996361
2024-01-26 03:00:00,35576.39342922014,35749.47316806737,35522.19106053683,35576.39342922014,12833.530771648839
2024-01-26 04:00:00,35870.56388470929,35893.69122086305,35575.55721746355,35870.56388470929,11530.719214783396
2024-01-26 05:00:00,37216.99836656767,37952.20772629968,36799.784401420795,37216.99836656767,21817.69130053626
2024-01-26 06:00:00,36641.036139385564,36985.21836050474,36640.96026865405,36641.036139385564,45484.08718029317
2024-01-26 07:00:00,35728.92738008377,35780.40831823128,35725.604475098036,35728.92738008377,25845.922690197196
2024-01-26 08:00:00,34457.89204803206,34874.72735663097,34344.90644058483,34457.89204803206,10208.098659950829
2024-01-26 09:00:00,35488.9027157194,35701.810839071404,35433.82724490083,35488.9027157194,4771.611799662829
2024-01-26 10:00:00,35953.357098096545,36503.71341113116,35656.706572590396,35953.357098096545,35111.651111758336
2024-01-26 11:00:00,35913.38798764807,36351.08666009357,35601.97214892169,35913.38798764807,19757.139457383004
2024-01-26 12:00:00,36114.480425675916,36191.56420951801,35876.80507505069,36114.480425675916,41269.71638268261
2024-01-26 13:00:00,35301.55138231652,35827.800835486225,35194.33138220645,35301.55138231652,33316.027663397734
2024-01-26 14:00:00,37028.32816585343,37083.37723978206,36529.97466362097,37028.32816585343,40015.83107652706
2024-01-26 15:00:00,37124.025052496596,37249.16493286291,36819.88355940904,37124.025052496596,14325.35593150399
2024-01-26 16:00:00,37205.24855440709,37433.466540016845,37028.06939473683,37205.24855440709,34925.58720059185
2024-01-26 17:00:00,37745.29510709996,37859.463182874424,37415.25433045539,37745.29510709996,13939.03724999222
2024-01-26 18:00:00,38108.411815122796,38256.33983570332,38008.353862599484,38108.411815122796,47014.355493064286
2024-01-26 19:00:00,38279.04910704392,38344.282816493396,38204.944729805255,38279.04910704392,32182.339795135344
2024-01-26 20:00:00,37673.87689708682,37734.3713410363,37353.31064629983,37673.87689708682,16901.07820859176
2024-01-26 21:00:00,38029.11771403909,38030.27608862882,37976.8764349228,38029.11771403909,14206.081252321359
2024-01-26 22:00:00,39460.55233638217,39632.970551532555,39306.47274992081,39460.55233638217,10355.402668510531
2024-01-26 23:00:00,40522.372699296495,41004.8508202957,40480.544795866444,40522.372699296495,35037.40698579266
2024-01-27 00:00:00,41813.56674458083,42210.609196779515,41702.60928149962,41813.56674458083,11717.065036898437
2024-01-27 01:00:00,41386.0517284342,42000.592369771344,41144.87092894314,41386.0517284342,30169.860030446966
2024-01-27 02:00:00,40566.93500279561,41602.982529613946,39577.58163136058,40566.93500279561,13967.116319342509
2024-01-27 03:00:00,40464.879206557925,40842.95063004371,40410.54330577966,40464.879206557925,33436.478294899556
2024-01-27 04:00:00,40509.97724344908,41063.699493122724,39933.6222972834,40509.97724344908,40932.04669848642
2024-01-27 05:00:00,41396.49071371374,41489.53570243589,41013.070040735816,41396.49071371374,39123.236914088004
2024-01-27 06:00:00,39995.24878716817,40463.238403031675,39609.13566142087,39995.24878716817,38281.7152156083
2024-01-27 07:00:00,41218.74369835457,41961.497396415165,40709.226144356646,41218.74369835457,10198.397878920352
2024-01-27 08:00:00,41088.48595687771,41310.96479391786,41052.05789506582,41088.48595687771,5330.862402241417
2024-01-27 09:00:00,40737.68801992188,41046.950280713114,40657.306162624685,40737.68801992188,35248.49259588189
2024-01-27 10:00:00,39913.07217426295,40143.17518659714,39666.54832745253,39913.07217426295,19049.013475923213
2024-01-27 11:00:00,38592.063898618166,39592.00059564295,38470.08486005402,38592.063898618166,22184.965093764018
2024-01-27 12:00:00,39227.42093413259,39441.698543177925,38985.86979322092,39227.42093413259,2526.305546876162
2024-01-27 13:00:00,39284.94242935128,39438.86240730956,38811.99712129359,39284.94242935128,13719.24601447741
2024-01-27 14:00:00,38271.42163570245,38837.42211780718,38218.05356358129,38271.42163570245,2650.143789848737
2024-01-27 15:00:00,37280.13152096056,37348.488340210955,37112.30037093071,37280.13152096056,44080.102857461134
2024-01-27 16:00:00,37029.76956591532,37035.438767784966,37029.57406396732,37029.76956591532,12926.437477707994
2024-01-27 17:00:00,38265.839215555694,38487.50996938243,38035.78240765741,38265.839215555694,28309.521309077394
2024-01-27 18:00:00,38067.16959729513,38112.69045894441,37517.53493569886,38067.16959729513,2909.98671239539
2024-01-27 19:00:00,36922.76164278861,37282.04556845032,36074.94822257463,36922.76164278861,33675.522173977246
2024-01-27 20:00:00,36741.29139117633,37180.92721330666,36539.01704308883,36741.29139117633,16828.3399419506
2024-01-27 21:00:00,36540.88706826951,36598.81518051911,36094.82791928788,36540.88706826951,44998.04016092562
2024-01-27 22:00:00,34569.954463156464,34579.39363003142,34394.2906282208,34569.954463156464,44517.791257767756
2024-01-27 23:00:00,34532.41504189438,34854.69500697456,34481.3829288501,34532.41504189438,16939.240299725643
2024-01-28 00:00:00,34372.92050100097,34525.28955679807,34217.12578569544,34372.92050100097,45147.08388883292
2024-01-28 01:00:00,34851.53342160142,35159.90073519575,34345.32621338744,34851.53342160142,49811.72600144016
2024-01-28 02:00:00,36140.31252436265,36202.81577091754,36022.22594527838,36140.31252436265,41445.36754207346
2024-01-28 03:00:00,36954.60076930012,37587.15580447098,36843.561669291834,36954.60076930012,42398.69604000622
2024-01-28 04:00:00,36755.86728508345,37260.12144846184,36527.16965298055,36755.86728508345,13201.428069345406
2024-01-28 05:00:00,35942.44089609915,36522.39424785327,35533.116475835595,35942.44089609915,29258.41754403006
2024-01-28 06:00:00,37792.29754875326,38348.28661636861,37399.59333018723,37792.29754875326,4295.539784401025
2024-01-28 07:00:00,37837.05756232619,37916.259482541725,37808.39058561808,37837.05756232619,5650.978904261816
2024-01-28 08:00:00,37847.59843072444,38100.8263940619,37593.83761915515,37847.59843072444,49945.73798963124
2024-01-28 09:00:00,37829.33689854353,38222.72594616234,37423.86041478536,37829.33689854353,17005.323221869636
2024-01-28 10:00:00,37979.20520153463,38209.21317010367,37389.09997145255,37979.20520153463,37661.011690393476
2024-01-28 11:00:00,37869.551327385874,38561.05301310059,37559.82018353871,37869.551327385874,40526.58759831401
2024-01-28 12:00:00,37435.06487110343,37688.846860817284,37294.15572082781,37435.06487110343,43043.14027935423
2024-01-28 13:00:00,37025.63087228989,37206.28314925371,36691.64059349573,37025.63087228989,49883.78657270567
2024-01-28 14:00:00,37001.37666243233,37799.61040019229,36679.58935003577,37001.37666243233,12833.327777586524
2024-01-28 15:00:00,36599.227369544,36820.91435142525,36187.326933900105,36599.227369544,2977.1905161252853
2024-01-28 16:00:00,36077.43527195156,36345.164249444366,35648.32596618545,36077.43527195156,21148.38438173471
2024-01-28 17:00:00,36154.22986496223,36262.43679245117,35560.33410951251,36154.22986496223,7373.952821618401
2024-01-28 18:00:00,35969.85976638299,36438.09428270085,35645.90775110319,35969.85976638299,2098.868568940701
2024-01-28 19:00:00,37051.82810416185,37630.39654860032,36815.292225254576,37051.82810416185,18660.91452993282
2024-01-28 20:00:00,35087.36255116383,35098.59196297795,34972.058995167674,35087.36255116383,39403.17430268659
2024-01-28 21:00:00,35853.32448397349,36123.44983774894,35637.061737061,35853.32448397349,28742.853870028473
2024-01-28 22:00:00,36746.85041879933,36915.87569413331,36546.90566033468,36746.85041879933,16326.121471307348
2024-01-28 23:00:00,35223.039204197295,35461.75115457795,35165.6985950698,35223.039204197295,33062.75826914326
2024-01-29 00:00:00,34981.62923297561,35685.94489492939,34967.315038753484,34981.62923297561,12368.890835131726
2024-01-29 01:00:00,34721.75709985081,34769.164565864834,34373.78000576919,34721.75709985081,1704.6908575321663
2024-01-29 02:00:00,33744.331516266975,33867.6068316421,33494.3452931952,33744.331516266975,38453.31593538494
2024-01-29 03:00:00,33219.393432967954,33280.74311036643,33048.906999170395,33219.393432967954,31563.411158336447
2024-01-29 04:00:00,32481.540314014346,32919.10768282862,32407.287540355373,32481.540314014346,38352.828600547036
2024-01-29 05:00:00,33619.86917499675,33946.52454362993,33285.570216110966,33619.86917499675,2907.962817695615
2024-01-29 06:00:00,34249.01687834653,34660.146840288435,33371.44279106617,34249.01687834653,42018.861763701956
2024-01-29 07:00:00,35120.00711655058,35350.708434073546,35052.91815273081,35120.00711655058,31356.783801778864
2024-01-29 08:00:00,35626.90967705086,35999.891707250084,34767.36935993823,35626.90967705086,28606.372184919368
2024-01-29 09:00:00,34822.417167573454,35009.29262779977,34549.198989326935,34822.417167573454,31606.088357612047
2024-01-29 10:00:00,34457.11589706864,34865.67535183722,34450.47932570134,34457.11589706864,43357.22909654984
2024-01-29 11:00:00,34794.36461653479,35044.51985287024,34702.89342287663,34794.36461653479,29759.888821386445
2024-01-29 12:00:00,33943.90140472293,34281.99884913688,33936.27560421712,33943.90140472293,29466.568614520787
2024-01-29 13:00:00,34427.940373032805,34688.489334871534,34239.57853029082,34427.940373032805,49543.27869622252
2024-01-29 14:00:00,34262.46220347453,34749.60954577193,33857.88665893556,34262.46220347453,38079.77818635983
2024-01-29 15:00:00,34005.616528439656,34516.15429293606,33626.684566057345,34005.616528439656,22672.396467105627
2024-01-29 16:00:00,34489.14916935565,34600.43870031335,34242.420240343425,34489.14916935565,35662.45300161346
2024-01-29 17:00:00,34795.59444176193,34882.87328089367,34545.697449305975,34795.59444176193,20072.293112897634
2024-01-29 18:00:00,34544.393795501164,35003.210410230284,34392.925009588995,34544.393795501164,12214.897661691452
2024-01-29 19:00:00,35345.36070082668,35541.962203975585,35338.42712240729,35345.36070082668,30245.741967500213
2024-01-29 20:00:00,34581.14923573759,34738.80046654861,34348.466087578476,34581.14923573759,46480.92280758362
2024-01-29 21:00:00,35007.144458604474,35765.04995701617,34799.96722987919,35007.144458604474,46527.83648075767
2024-01-29 22:00:00,35422.400086930065,35650.34968912765,35296.990369829924,35422.400086930065,17753.358627169026
2024-01-29 23:00:00,35203.10253055277,35529.73104216083,35001.17691032281,35203.10253055277,26856.195844863054
2024-01-30 00:00:00,35432.72041496454,35452.92171610916,35396.62995863932,35432.72041496454,11370.1590299232
2024-01-30 01:00:00,34546.113263776,34638.901456649866,34010.98700776176,34546.113263776,49785.92436544529
2024-01-30 02:00:00,35184.54410506222,35722.32875268528,34748.56992951982,35184.54410506222,49074.77748552885
2024-01-30 03:00:00,35054.43015756625,35232.449088069945,34539.997538238415,35054.43015756625,32825.93755566492
2024-01-30 04:00:00,34687.955005275515,34874.678906971414,34630.80283880108,34687.955005275515,40416.2889241962
2024-01-30 05:00:00,35415.714701794495,35795.55084053194,35397.69245848687,35415.714701794495,36039.9079029013
2024-01-30 06:00:00,34916.81799786907,35044.24787822182,34856.29260440638,34916.81799786907,30064.752732933943
2024-01-30 07:00:00,33933.23826302568,34218.009278970174,33850.45704312912,33933.23826302568,3614.051852455987
2024-01-30 08:00:00,32876.808890378416,33220.308812365816,32803.427111683115,32876.808890378416,23283.452785080393
2024-01-30 09:00:00,33275.28235749958,33929.593064769746,32779.52609156358,33275.28235749958,34064.52880620312
2024-01-30 10:00:00,32423.149392636697,33089.836502199294,31904.08590406259,32423.149392636697,34199.049080300545
2024-01-30 11:00:00,33561.06847095287,33931.316985950005,33283.016017186565,33561.06847095287,19283.008302696795
2024-01-30 12:00:00,32163.632962759355,32234.796166166292,32130.422480688438,32163.632962759355,47142.9073462435
2024-01-30 13:00:00,33254.91696209968,33346.97099511779,32708.47588741985,33254.91696209968,9200.49457960227
2024-01-30 14:00:00,33395.2643290872,33497.92360838587,33336.537285892766,33395.2643290872,25517.61286456247
2024-01-30 15:00:00,33330.66913038719,33602.559801672105,32776.89000674829,33330.66913038719,34853.31485099032
2024-01-30 16:00:00,32967.41877468196,33251.094673034626,32960.53303861811,32967.41877468196,35159.65448869865
2024-01-30 17:00:00,33230.58852328084,33424.34858766377,33153.92525458198,33230.58852328084,32783.30888167196
2024-01-30 18:00:00,33205.57605707132,33261.069784850544,32787.13108752752,33205.57605707132,14489.122459141148
2024-01-30 19:00:00,33938.29154821551,34034.19435566903,33729.10901656438,33938.29154821551,8654.121865644476
2024-01-30 20:00:00,34015.8253730787,34100.41971227964,33888.19922754159,34015.8253730787,32161.07601450883
2024-01-30 21:00:00,34118.07814250176,34666.47356214831,34009.67985751995,34118.07814250176,30365.80369083245
2024-01-30 22:00:00,33869.96314510416,34036.25618027573,33435.87086408486,33869.96314510416,9788.444504172809
2024-01-30 23:00:00,33831.38822157001,34080.0075783226,33642.7135937391,33831.38822157001,35551.818132957604
